Year,Consumption
1984,
1985,
1986,
1987,
1988,
1989,
1990,46.0133386
1991,46.18302201
1992,46.301675
1993,46.40228887
1994,46.52431816
1995,46.67355082
1996,46.8043585
1997,46.94490923
1998,47.09520302
1999,47.3
2000,49.5
2001,51.4
2002,50.4
2003,50
2004,54
2005,54
2006,56.1
2007,56.7
2008,49.4
2009,44
2010,45.8
2011,45.5
2012,43.2
2013,46.8
2014,53.4
2015,55.8
2016,56.5
2017,57
2018,56.4
2019,55.2
2020,54.8
