Year,Consumption
1984,
1985,
1986,
1987,
1988,
1989,
1990,64418.67403
1991,64656.23082
1992,64822.345
1993,64963.20442
1994,65134.04543
1995,65342.97115
1996,65526.1019
1997,65722.87293
1998,65933.28422
1999,66220
2000,69300
2001,71960
2002,70560
2003,70000
2004,75600
2005,75600
2006,78540
2007,79380
2008,69160
2009,61600
2010,64120
2011,63700
2012,60480
2013,65520
2014,74760
2015,78120
2016,79100
2017,79800
2018,78960
2019,77280
2020,76720
