step,data
1,638.867504
2,337.462786
3,832.770214
4,205.316679
5,906.092659
6,723.318278
7,253.491092
8,80.386838
9,942.909431
10,290.888959
