step,data
1,0.638867504
2,0.337462786
3,0.832770214
4,0.205316679
5,0.906092659
6,0.723318278
7,0.253491092
8,0.080386838
9,0.942909431
10,0.290888959
